{
  "project_info": {
    "project_number": "801157745885",
    "firebase_url": "https://codingbuddy-9211e.firebaseio.com",
    "project_id": "codingbuddy-9211e",
    "storage_bucket": "codingbuddy-9211e.appspot.com"
  },
  "client": [
    {
      "client_info": {
        "mobilesdk_app_id": "1:801157745885:android:01edbb3e5334454b77df34",
        "android_client_info": {
          "package_name": "com.example.logger"
        }
      },
      "oauth_client": [
        {
          "client_id": "801157745885-5s0rhoslbqmnldlphcrurpjkjdqm52so.apps.googleusercontent.com",
          "client_type": 1,
          "android_info": {
            "package_name": "com.example.logger",
            "certificate_hash": "7471aceb3b52b5b24e8ffaeddf611dd8cc084642"
          }
        },
        {
          "client_id": "801157745885-4gqlua280ln81moiv0pu3e89oab7rrhb.apps.googleusercontent.com",
          "client_type": 3
        }
      ],
      "api_key": [
        {
          "current_key": "AIzaSyBX-JgeylqgbUrpH6llmY6P_vOvPlA3S8w"
        }
      ],
      "services": {
        "appinvite_service": {
          "other_platform_oauth_client": [
            {
              "client_id": "801157745885-4gqlua280ln81moiv0pu3e89oab7rrhb.apps.googleusercontent.com",
              "client_type": 3
            }
          ]
        }
      }
    },
    {
      "client_info": {
        "mobilesdk_app_id": "1:801157745885:android:b02cc541bc51e81077df34",
        "android_client_info": {
          "package_name": "com.example.mylogin"
        }
      },
      "oauth_client": [
        {
          "client_id": "801157745885-2f0ujademfgill4lsk0eeo2kokrm226f.apps.googleusercontent.com",
          "client_type": 1,
          "android_info": {
            "package_name": "com.example.mylogin",
            "certificate_hash": "7471aceb3b52b5b24e8ffaeddf611dd8cc084642"
          }
        },
        {
          "client_id": "801157745885-4gqlua280ln81moiv0pu3e89oab7rrhb.apps.googleusercontent.com",
          "client_type": 3
        }
      ],
      "api_key": [
        {
          "current_key": "AIzaSyBX-JgeylqgbUrpH6llmY6P_vOvPlA3S8w"
        }
      ],
      "services": {
        "appinvite_service": {
          "other_platform_oauth_client": [
            {
              "client_id": "801157745885-4gqlua280ln81moiv0pu3e89oab7rrhb.apps.googleusercontent.com",
              "client_type": 3
            }
          ]
        }
      }
    }
  ],
  "configuration_version": "1"
}